dataset,domain,name,porosity,r_c,r_star_sw015,d_star_sw015,S_nw_max,seconds,error
bentheimer,128,bent128_0000,0.1997,4.571,3.553,7.105,0.8545,9.4,
bentheimer,128,bent128_0001,0.2427,4.119,3.591,7.182,0.9048,7.8,
bentheimer,128,bent128_0002,0.1722,3.732,3.211,6.422,0.9356,8.1,
bentheimer,128,bent128_0003,0.2477,6.078,4.182,8.365,0.8986,8.6,
bentheimer,128,bent128_0004,0.2083,4.993,3.207,6.415,0.8845,9.4,
bentheimer,128,bent128_0005,0.2369,6.997,3.293,6.587,0.8611,9.4,
bentheimer,128,bent128_0006,0.2837,4.999,4.063,8.126,0.9432,8.5,
bentheimer,128,bent128_0007,0.2423,5.096,3.493,6.985,0.911,8.9,
bentheimer,128,bent128_0008,0.3818,5.987,5.468,10.936,0.8581,8.4,
bentheimer,128,bent128_0009,0.2093,5.649,3.477,6.953,0.8591,8.4,
bentheimer,128,bent128_0010,0.2608,6.314,4.095,8.19,0.8643,7.9,
bentheimer,128,bent128_0011,0.1835,4.243,4.001,8.001,0.8516,7.5,
bentheimer,128,bent128_0012,0.17,4.347,3.146,6.291,0.8759,8.7,
bentheimer,128,bent128_0013,0.2348,4.234,3.269,6.539,0.8511,9.4,
bentheimer,128,bent128_0014,0.2629,5.985,4.173,8.346,0.8978,9.3,
bentheimer,128,bent128_0015,0.3172,2.991,5.105,10.211,0.8738,8.2,
bentheimer,128,bent128_0016,0.2618,7.988,3.505,7.011,0.8527,11.1,
bentheimer,128,bent128_0017,0.2186,5.477,3.623,7.245,0.8598,8.2,
bentheimer,128,bent128_0018,0.2566,5.741,4.072,8.143,0.8799,9.0,
bentheimer,128,bent128_0019,0.2463,4.676,4.042,8.083,0.8896,9.1,
bentheimer,128,bent128_0020,0.2434,9.889,4.177,8.354,0.8768,8.4,
bentheimer,128,bent128_0021,0.2912,4.688,4.527,9.054,0.8927,8.2,
bentheimer,128,bent128_0022,0.2183,6.695,4.052,8.104,0.8969,8.6,
bentheimer,128,bent128_0023,0.1885,4.113,3.259,6.518,0.8509,8.0,
bentheimer,128,bent128_0024,0.2411,6.48,4.004,8.009,0.8557,9.4,
bentheimer,128,bent128_0025,0.3004,8.303,5.099,10.199,0.8673,7.5,
bentheimer,128,bent128_0026,0.1757,4.99,,,0.7534,11.5,
bentheimer,128,bent128_0027,0.1971,4.113,4.008,8.016,0.8708,7.0,
bentheimer,128,bent128_0028,0.2343,5.378,4.117,8.233,0.9077,7.9,
bentheimer,128,bent128_0029,0.21,4.111,4.007,8.013,0.8703,7.2,
bentheimer,128,bent128_0030,0.2425,5.828,4.129,8.258,0.8993,7.3,
bentheimer,128,bent128_0031,0.2198,4.241,4.01,8.02,0.8772,7.3,
bentheimer,128,bent128_0032,0.2539,5.992,4.187,8.373,0.9031,8.2,
bentheimer,128,bent128_0033,0.2089,7.538,3.126,6.251,0.9776,8.8,
bentheimer,128,bent128_0034,0.226,4.236,3.606,7.212,0.8621,8.3,
bentheimer,128,bent128_0035,0.1688,5.644,3.618,7.235,0.884,8.3,
bentheimer,128,bent128_0036,0.2895,9.2,4.756,9.513,0.8528,8.0,
bentheimer,128,bent128_0037,0.2321,5.474,4.287,8.574,0.8518,8.2,
bentheimer,128,bent128_0038,0.4056,6.077,5.72,11.44,0.8595,9.1,
bentheimer,128,bent128_0039,0.1998,3.593,3.527,7.054,0.8994,8.4,
bentheimer,128,bent128_0040,0.2899,8.986,4.098,8.195,0.91,12.2,
bentheimer,128,bent128_0041,0.2133,6.394,4.037,8.073,0.8603,9.7,
bentheimer,128,bent128_0042,0.2523,5.091,4.122,8.243,0.9246,11.3,
bentheimer,128,bent128_0043,0.2714,9.045,4.319,8.637,0.8614,10.7,
bentheimer,128,bent128_0044,0.2681,4.578,4.013,8.027,0.8537,10.4,
bentheimer,128,bent128_0045,0.2417,5.383,4.15,8.3,0.8966,10.1,
bentheimer,128,bent128_0046,0.2496,6.779,4.055,8.11,0.8609,11.9,
bentheimer,128,bent128_0047,0.2474,7.203,4.033,8.066,0.8757,11.1,
bentheimer,128,bent128_0048,0.2195,4.995,3.396,6.792,0.9071,12.6,
bentheimer,128,bent128_0049,0.2566,5.985,4.146,8.292,0.9112,11.8,
bentheimer,128,bent128_0050,0.2617,6.927,4.067,8.135,0.9018,11.3,
bentheimer,128,bent128_0051,0.1968,4.463,4.093,8.187,0.8886,10.1,
bentheimer,128,bent128_0052,0.261,6.541,4.577,9.153,0.8564,9.7,
bentheimer,128,bent128_0053,0.2323,4.578,3.594,7.188,0.9256,11.8,
bentheimer,128,bent128_0054,0.2231,3.605,3.514,7.027,0.8731,10.9,
bentheimer,128,bent128_0055,0.2122,5.094,,,0.802,14.4,
bentheimer,128,bent128_0056,0.202,4.995,3.54,7.08,0.9143,11.3,
bentheimer,128,bent128_0057,0.2428,5.645,4.031,8.063,0.8643,10.3,
bentheimer,128,bent128_0058,0.2867,4.89,4.414,8.829,0.8635,9.8,
bentheimer,128,bent128_0059,0.2332,4.898,3.669,7.337,0.8754,10.8,
bentheimer,128,bent128_0060,0.1863,3.728,2.169,4.338,0.9923,12.6,
bentheimer,128,bent128_0061,0.1906,4.985,4.131,8.262,0.8808,10.6,
bentheimer,128,bent128_0062,0.2358,4.689,4.019,8.038,0.861,11.4,
bentheimer,128,bent128_0063,0.24,9.692,5.145,10.289,0.8758,14.3,
bentheimer,256,bent256_0000,0.2388,5.38,4.196,8.392,0.9243,184.4,
bentheimer,256,bent256_0001,0.2363,7.063,4.147,8.294,0.889,151.8,
bentheimer,256,bent256_0002,0.2446,5.0,4.201,8.402,0.9019,146.4,
bentheimer,256,bent256_0003,0.2555,6.403,4.231,8.462,0.9182,169.0,
bentheimer,256,bent256_0004,0.2242,5.477,4.157,8.314,0.9017,145.4,
bentheimer,256,bent256_0005,0.278,5.989,4.176,8.351,0.9212,158.4,
bentheimer,256,bent256_0006,0.2466,6.076,4.177,8.353,0.9129,141.0,
bentheimer,256,bent256_0007,0.2463,5.095,4.163,8.326,0.9204,165.8,
bentheimer,256,bent256_0008,0.2857,6.39,4.526,9.053,0.854,166.0,
bentheimer,256,bent256_0009,0.2378,5.905,4.195,8.39,0.9034,139.6,
bentheimer,256,bent256_0010,0.2514,6.397,4.395,8.789,0.8582,137.4,
bentheimer,256,bent256_0011,0.2457,4.989,4.54,9.08,0.8535,131.5,
bentheimer,256,bent256_0012,0.2225,5.188,4.061,8.122,0.8751,145.3,
bentheimer,256,bent256_0013,0.2297,5.823,4.063,8.127,0.871,145.7,
bentheimer,256,bent256_0014,0.2388,5.991,4.231,8.462,0.9101,150.4,
bentheimer,256,bent256_0015,0.249,5.744,4.179,8.359,0.9173,147.5,
bentheimer,256,bent256_0016,0.2655,6.399,4.272,8.544,0.8519,174.1,
bentheimer,256,bent256_0017,0.2366,5.465,4.185,8.369,0.8939,177.0,
bentheimer,256,bent256_0018,0.2527,5.989,4.148,8.297,0.8874,175.4,
bentheimer,256,bent256_0019,0.2446,6.315,4.135,8.271,0.8943,193.7,
bentheimer,256,bent256_0020,0.2025,5.099,4.002,8.004,0.8509,143.7,
bentheimer,256,bent256_0021,0.2488,5.469,4.404,8.808,0.859,146.6,
bentheimer,256,bent256_0022,0.2371,6.707,4.094,8.188,0.8802,144.1,
bentheimer,256,bent256_0023,0.2277,4.99,4.111,8.221,0.8803,107.8,
bentheimer,256,bent256_0024,0.2355,5.095,4.137,8.274,0.9021,164.9,
bentheimer,256,bent256_0025,0.2385,5.991,4.305,8.61,0.856,144.7,
bentheimer,256,bent256_0026,0.2122,5.733,4.073,8.146,0.884,143.5,
bentheimer,256,bent256_0027,0.2204,6.078,4.155,8.31,0.9033,148.9,
bentheimer,256,bent256_0028,0.2276,5.82,4.117,8.234,0.8952,164.5,
bentheimer,256,bent256_0029,0.257,6.316,4.175,8.351,0.9115,139.9,
bentheimer,256,bent256_0030,0.2324,5.471,4.132,8.265,0.9023,146.9,
bentheimer,256,bent256_0031,0.2565,5.38,4.196,8.393,0.9054,146.8,
bentheimer,256,bent256_0032,0.2381,5.188,4.064,8.127,0.8928,155.5,
bentheimer,256,bent256_0033,0.2471,6.148,4.106,8.211,0.8782,186.2,
bentheimer,256,bent256_0034,0.2337,5.379,4.145,8.29,0.8966,141.0,
bentheimer,256,bent256_0035,0.2309,5.657,4.216,8.432,0.9173,156.5,
bentheimer,256,bent256_0036,0.2371,6.992,4.179,8.357,0.8956,163.9,
bentheimer,256,bent256_0037,0.2421,5.653,4.281,8.563,0.8528,180.3,
bentheimer,256,bent256_0038,0.2809,6.398,4.259,8.518,0.8505,152.4,
bentheimer,256,bent256_0039,0.2282,4.882,4.051,8.101,0.8737,120.4,
bentheimer,256,bent256_0040,0.2449,6.921,4.116,8.231,0.9013,157.3,
bentheimer,256,bent256_0041,0.2763,5.74,4.618,9.235,0.8569,135.8,
bentheimer,256,bent256_0042,0.2513,5.823,4.223,8.447,0.8983,145.7,
bentheimer,256,bent256_0043,0.2466,5.816,4.189,8.377,0.8908,139.6,
bentheimer,256,bent256_0044,0.223,5.191,4.111,8.222,0.8792,133.4,
bentheimer,256,bent256_0045,0.2233,6.48,3.62,7.24,0.9221,149.3,
bentheimer,256,bent256_0046,0.227,6.778,4.107,8.215,0.8803,161.2,
bentheimer,256,bent256_0047,0.2619,5.994,4.128,8.255,0.9143,172.9,
bentheimer,256,bent256_0048,0.2331,6.395,4.096,8.192,0.8968,169.5,
bentheimer,256,bent256_0049,0.2267,5.907,4.083,8.167,0.8772,140.6,
bentheimer,256,bent256_0050,0.2653,6.164,4.146,8.293,0.9195,168.4,
bentheimer,256,bent256_0051,0.2477,6.695,4.067,8.134,0.8698,145.9,
bentheimer,256,bent256_0052,0.2723,5.087,4.228,8.455,0.9135,155.2,
bentheimer,256,bent256_0053,0.2419,6.994,4.15,8.299,0.8944,139.9,
bentheimer,256,bent256_0054,0.2536,5.83,4.154,8.308,0.9046,136.0,
bentheimer,256,bent256_0055,0.2582,6.076,4.257,8.514,0.851,148.6,
bentheimer,256,bent256_0056,0.2483,5.185,4.241,8.482,0.9065,162.2,
bentheimer,256,bent256_0057,0.2282,5.828,4.06,8.12,0.8726,144.2,
bentheimer,256,bent256_0058,0.2584,5.384,4.806,9.613,0.8524,138.3,
bentheimer,256,bent256_0059,0.2374,5.91,4.111,8.222,0.8818,180.5,
bentheimer,256,bent256_0060,0.1823,3.99,3.511,7.022,0.8659,152.6,
bentheimer,256,bent256_0061,0.2405,5.738,4.217,8.433,0.9133,144.6,
bentheimer,256,bent256_0062,0.229,5.38,4.151,8.302,0.8962,142.3,
bentheimer,256,bent256_0063,0.2518,6.161,3.687,7.374,0.9328,150.2,
blob,128,blob128_0000,0.2831,6.322,4.022,8.044,0.8542,11.5,
blob,128,blob128_0001,0.2809,8.477,7.026,14.052,0.8703,6.8,
blob,128,blob128_0002,0.3043,7.869,4.119,8.239,0.8747,11.3,
blob,128,blob128_0003,0.2225,5.985,2.109,4.218,0.9592,13.6,
blob,128,blob128_0004,0.2446,5.183,3.313,6.625,0.8522,12.0,
blob,128,blob128_0005,0.2884,5.996,5.644,11.288,0.8591,8.0,
blob,128,blob128_0006,0.2357,8.052,7.063,14.127,0.8872,9.8,
blob,128,blob128_0007,0.2913,6.155,5.047,10.094,0.8746,10.3,
blob,128,blob128_0008,0.2822,4.684,4.092,8.183,0.8788,8.9,
blob,128,blob128_0009,0.2946,7.205,4.275,8.55,0.889,9.3,
blob,128,blob128_0010,0.2357,7.132,1.426,2.852,0.9976,13.6,
blob,128,blob128_0011,0.222,0.0,,,0.3197,11.9,
blob,128,blob128_0012,0.2846,9.216,6.381,12.763,0.8701,6.5,
blob,128,blob128_0013,0.2476,6.698,4.007,8.015,0.8522,9.4,
blob,128,blob128_0014,0.2277,6.621,4.081,8.163,0.8751,9.3,
blob,128,blob128_0015,0.2321,5.742,4.271,8.541,0.8559,7.8,
blob,128,blob128_0016,0.2494,6.397,2.188,4.376,0.9665,12.3,
blob,128,blob128_0017,0.2377,4.57,3.19,6.38,0.9745,11.0,
blob,128,blob128_0018,0.2889,8.107,,,0.8192,13.2,
blob,128,blob128_0019,0.2757,6.703,4.233,8.467,0.9524,9.6,
blob,128,blob128_0020,0.2279,4.234,3.538,7.077,0.8685,8.8,
blob,128,blob128_0021,0.2727,4.353,3.274,6.547,0.8626,8.8,
blob,128,blob128_0022,0.2868,5.369,3.698,7.396,0.9046,9.5,
blob,128,blob128_0023,0.2253,9.886,6.529,13.058,0.8514,5.5,
blob,128,blob128_0024,0.274,4.122,4.025,8.051,0.9236,9.3,
blob,128,blob128_0025,0.2821,5.743,4.125,8.25,0.9036,9.5,
blob,128,blob128_0026,0.2629,5.993,5.442,10.884,0.8522,7.0,
blob,128,blob128_0027,0.2137,5.183,4.071,8.143,0.9086,9.1,
blob,128,blob128_0028,0.2293,4.471,3.072,6.144,0.8639,9.7,
blob,128,blob128_0029,0.2364,9.687,5.446,10.892,0.9607,8.5,
blob,128,blob128_0030,0.2323,1.986,2.042,4.083,0.9673,10.2,
blob,128,blob128_0031,0.262,5.644,3.046,6.091,0.9329,9.5,
blob,128,blob128_0032,0.2731,7.061,4.208,8.416,0.9352,9.7,
blob,128,blob128_0033,0.2234,3.993,,,0.7528,12.4,
blob,128,blob128_0034,0.2177,3.996,2.075,4.15,0.8548,11.5,
blob,128,blob128_0035,0.2211,3.158,3.031,6.061,0.9386,9.5,
blob,128,blob128_0036,0.2261,4.116,4.033,8.065,0.9547,8.2,
blob,128,blob128_0037,0.247,6.624,5.129,10.258,0.9235,7.9,
blob,128,blob128_0038,0.2738,9.633,5.061,10.123,0.9747,8.4,
blob,128,blob128_0039,0.2187,3.312,,,0.6111,11.1,
blob,128,blob128_0040,0.3013,8.051,6.388,12.775,0.8673,7.5,
blob,128,blob128_0041,0.3054,5.385,5.173,10.347,0.9208,7.2,
blob,128,blob128_0042,0.2801,9.795,5.252,10.503,0.8528,7.6,
blob,128,blob128_0043,0.2158,4.118,2.79,5.581,0.8679,9.8,
blob,128,blob128_0044,0.2572,9.098,5.081,10.163,0.9535,8.5,
blob,128,blob128_0045,0.269,5.182,5.061,10.122,0.9562,9.1,
blob,128,blob128_0046,0.2904,7.483,4.242,8.484,0.9587,9.3,
blob,128,blob128_0047,0.2508,4.989,2.122,4.245,0.8541,11.6,
blob,128,blob128_0048,0.2695,9.433,8.239,16.477,0.8543,6.6,
blob,128,blob128_0049,0.2453,8.999,6.103,12.206,0.8855,8.3,
blob,128,blob128_0050,0.2545,4.567,4.53,9.06,0.9196,8.0,
blob,128,blob128_0051,0.2155,3.15,,,0.7708,12.4,
blob,128,blob128_0052,0.2246,4.995,3.069,6.139,0.8538,10.2,
blob,128,blob128_0053,0.2308,2.445,2.302,4.604,0.8918,11.0,
blob,128,blob128_0054,0.2127,7.276,2.254,4.508,0.8515,10.6,
blob,128,blob128_0055,0.2874,3.987,4.036,8.072,0.9597,9.1,
blob,128,blob128_0056,0.2562,5.74,3.086,6.172,0.9095,10.7,
blob,128,blob128_0057,0.2582,6.986,6.23,12.46,0.8606,7.1,
blob,128,blob128_0058,0.2356,6.993,3.035,6.07,0.9046,9.6,
blob,128,blob128_0059,0.2569,4.995,4.019,8.038,0.8511,9.2,
blob,128,blob128_0060,0.2916,7.983,6.903,13.806,0.9339,7.4,
blob,128,blob128_0061,0.2641,6.989,4.19,8.381,0.9549,10.0,
blob,128,blob128_0062,0.2758,5.906,5.092,10.184,0.8595,7.2,
blob,128,blob128_0063,0.2799,6.396,4.198,8.396,0.8772,9.0,
blob,256,blob256_0000,0.2867,6.402,4.518,9.035,0.8512,162.3,
blob,256,blob256_0001,0.2843,10.99,7.637,15.274,0.8699,120.9,
blob,256,blob256_0002,0.3078,6.704,5.005,10.011,0.8509,128.0,
blob,256,blob256_0003,0.2224,7.483,4.25,8.5,0.8737,149.7,
blob,256,blob256_0004,0.2475,6.082,4.234,8.467,0.8924,139.8,
blob,256,blob256_0005,0.295,7.47,6.076,12.152,0.8666,109.9,
blob,256,blob256_0006,0.2361,10.295,6.586,13.173,0.8721,111.3,
blob,256,blob256_0007,0.2932,7.272,5.154,10.309,0.8776,117.1,
blob,256,blob256_0008,0.2846,6.153,4.337,8.674,0.856,70.2,
blob,256,blob256_0009,0.3002,5.998,5.154,10.309,0.8781,135.1,
blob,256,blob256_0010,0.2316,8.121,7.235,14.47,0.8556,115.8,
blob,256,blob256_0011,0.226,6.319,3.385,6.77,0.8673,157.8,
blob,256,blob256_0012,0.2851,9.895,5.661,11.321,0.8738,128.1,
blob,256,blob256_0013,0.2478,6.706,5.167,10.335,0.8807,130.9,
blob,256,blob256_0014,0.231,6.387,4.078,8.155,0.8879,150.6,
blob,256,blob256_0015,0.2322,7.055,4.053,8.106,0.8817,149.8,
blob,256,blob256_0016,0.2549,6.076,3.591,7.182,0.8546,172.9,
blob,256,blob256_0017,0.2397,5.094,4.237,8.474,0.8929,138.4,
blob,256,blob256_0018,0.2921,6.782,5.541,11.081,0.8535,118.4,
blob,256,blob256_0019,0.2811,9.845,5.931,11.861,0.8587,138.0,
blob,256,blob256_0020,0.2273,5.187,4.049,8.097,0.8957,134.1,
blob,256,blob256_0021,0.2753,6.152,4.099,8.197,0.8697,143.4,
blob,256,blob256_0022,0.2891,6.393,5.233,10.466,0.8735,127.9,
blob,256,blob256_0023,0.227,7.27,4.243,8.486,0.8985,122.3,
blob,256,blob256_0024,0.2791,7.793,5.344,10.688,0.8644,145.9,
blob,256,blob256_0025,0.2879,7.536,5.179,10.359,0.8735,135.6,
blob,256,blob256_0026,0.266,7.998,5.342,10.683,0.8846,135.6,
blob,256,blob256_0027,0.2135,7.274,5.38,10.76,0.8711,115.3,
blob,256,blob256_0028,0.2292,4.686,3.657,7.315,0.8594,145.4,
blob,256,blob256_0029,0.2357,7.871,4.437,8.874,0.8631,156.1,
blob,256,blob256_0030,0.2389,5.09,4.268,8.537,0.873,130.1,
blob,256,blob256_0031,0.2655,5.384,4.126,8.251,0.8867,120.5,
blob,256,blob256_0032,0.2766,5.998,4.233,8.466,0.9313,167.3,
blob,256,blob256_0033,0.2306,8.06,6.269,12.537,0.8743,119.7,
blob,256,blob256_0034,0.222,6.698,4.486,8.971,0.8755,150.6,
blob,256,blob256_0035,0.2279,4.112,4.01,8.02,0.8642,149.0,
blob,256,blob256_0036,0.2262,5.737,5.107,10.214,0.8733,134.5,
blob,256,blob256_0037,0.252,6.075,5.173,10.346,0.8672,136.8,
blob,256,blob256_0038,0.2771,8.938,7.083,14.167,0.8622,141.2,
blob,256,blob256_0039,0.2165,4.351,3.537,7.074,0.8577,100.2,
blob,256,blob256_0040,0.3043,9.685,7.149,14.299,0.8708,160.5,
blob,256,blob256_0041,0.3072,6.986,4.6,9.2,0.8818,138.3,
blob,256,blob256_0042,0.2848,8.995,5.046,10.093,0.8523,142.8,
blob,256,blob256_0043,0.2177,4.69,3.013,6.026,0.8529,150.9,
blob,256,blob256_0044,0.258,7.272,5.208,10.416,0.8652,127.7,
blob,256,blob256_0045,0.2699,8.766,6.439,12.877,0.8876,132.4,
blob,256,blob256_0046,0.2962,7.0,4.675,9.35,0.8766,142.3,
blob,256,blob256_0047,0.2547,4.995,5.002,10.005,0.8536,94.1,
blob,256,blob256_0048,0.2728,10.432,8.524,17.047,0.8533,123.7,
blob,256,blob256_0049,0.2539,11.038,5.359,10.718,0.8839,144.4,
blob,256,blob256_0050,0.2628,7.348,6.065,12.129,0.88,120.9,
blob,256,blob256_0051,0.2193,5.732,4.071,8.142,0.9005,135.7,
blob,256,blob256_0052,0.2252,6.162,4.12,8.24,0.8676,133.1,
blob,256,blob256_0053,0.2448,5.379,4.489,8.979,0.8705,134.8,
blob,256,blob256_0054,0.2157,6.986,5.041,10.082,0.8544,119.9,
blob,256,blob256_0055,0.2942,8.989,6.92,13.841,0.8802,128.3,
blob,256,blob256_0056,0.2556,5.742,4.063,8.126,0.8746,158.2,
blob,256,blob256_0057,0.2693,6.915,5.142,10.284,0.8926,119.6,
blob,256,blob256_0058,0.2371,6.391,4.69,9.379,0.8704,124.3,
blob,256,blob256_0059,0.2593,10.046,7.623,15.245,0.8516,105.2,
blob,256,blob256_0060,0.296,6.695,6.589,13.177,0.8577,107.5,
blob,256,blob256_0061,0.2692,8.302,5.156,10.313,0.9131,152.3,
blob,256,blob256_0062,0.2779,6.391,5.041,10.082,0.8603,125.9,
blob,256,blob256_0063,0.2817,6.079,4.514,9.029,0.8536,129.8,
buffberea,128,buff128_0000,0.2441,4.229,3.607,7.214,0.8637,12.7,
buffberea,128,buff128_0001,0.1411,2.992,3.028,6.055,0.9055,10.9,
buffberea,128,buff128_0002,0.172,3.995,4.0,8.0,0.85,10.1,
buffberea,128,buff128_0003,0.123,0.0,,,0.145,13.2,
buffberea,128,buff128_0004,0.2071,5.384,4.019,8.037,0.8703,10.9,
buffberea,128,buff128_0005,0.187,4.578,3.184,6.369,0.9051,11.5,
buffberea,128,buff128_0006,0.1802,4.356,3.084,6.167,0.9042,11.9,
buffberea,128,buff128_0007,0.2341,5.462,4.111,8.222,0.8877,11.1,
buffberea,128,buff128_0008,0.2672,4.573,4.087,8.175,0.8866,10.3,
buffberea,128,buff128_0009,0.139,4.572,3.139,6.279,0.8943,10.9,
buffberea,128,buff128_0010,0.195,4.117,4.12,8.241,0.8863,10.4,
buffberea,128,buff128_0011,0.3752,9.845,6.153,12.307,0.8604,9.0,
buffberea,128,buff128_0012,0.1777,3.302,2.293,4.586,0.9116,13.7,
buffberea,128,buff128_0013,0.1455,3.738,3.067,6.133,0.9084,12.5,
buffberea,128,buff128_0014,0.2033,6.161,3.281,6.562,0.8523,11.8,
buffberea,128,buff128_0015,0.1209,3.154,,,0.8278,15.3,
buffberea,128,buff128_0016,0.1552,1.413,,,0.838,14.8,
buffberea,128,buff128_0017,0.262,4.897,3.559,7.117,0.8781,14.5,
buffberea,128,buff128_0018,0.2118,2.987,3.091,6.182,0.9771,12.9,
buffberea,128,buff128_0019,0.1759,4.112,3.634,7.268,0.8907,11.7,
buffberea,128,buff128_0020,0.2183,0.0,,,0.6195,15.5,
buffberea,128,buff128_0021,0.269,6.997,3.54,7.081,0.8517,13.9,
buffberea,128,buff128_0022,0.2877,7.548,4.504,9.008,0.8507,13.8,
buffberea,128,buff128_0023,0.2049,4.57,4.015,8.029,0.8563,8.9,
buffberea,128,buff128_0024,0.3053,8.051,4.239,8.478,0.9307,13.4,
buffberea,128,buff128_0025,0.1552,2.446,2.258,4.516,0.8753,11.3,
buffberea,128,buff128_0026,0.1962,7.207,3.087,6.174,0.8605,12.6,
buffberea,128,buff128_0027,0.0485,0.995,,,0.4653,13.3,
buffberea,128,buff128_0028,0.3704,12.076,5.207,10.414,0.877,11.2,
buffberea,128,buff128_0029,0.3063,7.994,5.013,10.026,0.8542,9.7,
buffberea,128,buff128_0030,0.2059,3.738,3.507,7.014,0.8608,12.8,
buffberea,128,buff128_0031,0.2201,5.099,3.724,7.448,0.8946,12.4,
buffberea,128,buff128_0032,0.3175,7.336,5.016,10.031,0.8636,9.7,
buffberea,128,buff128_0033,0.1612,6.994,3.064,6.127,0.9128,11.6,
buffberea,128,buff128_0034,0.093,0.0,,,0.4108,14.3,
buffberea,128,buff128_0035,0.2353,4.889,3.116,6.233,0.9344,13.0,
buffberea,128,buff128_0036,0.1667,5.382,4.066,8.131,0.8814,10.3,
buffberea,128,buff128_0037,0.1629,3.598,3.574,7.148,0.8914,11.2,
buffberea,128,buff128_0038,0.286,6.321,5.056,10.113,0.8813,11.8,
buffberea,128,buff128_0039,0.2397,5.823,4.076,8.153,0.864,11.5,
buffberea,128,buff128_0040,0.2575,3.305,3.327,6.653,0.9058,9.0,
buffberea,128,buff128_0041,0.2675,7.869,4.176,8.352,0.9022,7.7,
buffberea,128,buff128_0042,0.1351,1.994,2.021,4.042,0.9188,7.8,
buffberea,128,buff128_0043,0.2035,4.12,3.689,7.379,0.8818,6.8,
buffberea,128,buff128_0044,0.3625,6.989,4.517,9.034,0.8507,6.8,
buffberea,128,buff128_0045,0.1572,3.599,2.003,4.005,0.8504,8.6,
buffberea,128,buff128_0046,0.1759,6.703,3.146,6.292,0.8933,7.7,
buffberea,128,buff128_0047,0.1878,3.602,2.128,4.256,0.9792,9.4,
buffberea,128,buff128_0048,0.2135,5.984,4.226,8.452,0.9068,13.1,
buffberea,128,buff128_0049,0.2418,5.991,3.658,7.315,0.8574,11.2,
buffberea,128,buff128_0050,0.2072,4.347,4.015,8.03,0.8571,10.2,
buffberea,128,buff128_0051,0.235,4.458,3.695,7.391,0.9094,11.2,
buffberea,128,buff128_0052,0.1769,3.999,3.327,6.655,0.8554,11.6,
buffberea,128,buff128_0053,0.1955,3.464,3.288,6.576,0.9035,13.0,
buffberea,128,buff128_0054,0.1676,4.459,3.563,7.126,0.8583,12.4,
buffberea,128,buff128_0055,0.2411,5.38,4.088,8.177,0.8848,11.3,
buffberea,128,buff128_0056,0.222,4.68,4.102,8.204,0.8827,10.3,
buffberea,128,buff128_0057,0.1098,3.307,3.158,6.316,0.8961,9.8,
buffberea,128,buff128_0058,0.1461,3.154,3.034,6.069,0.8824,12.9,
buffberea,128,buff128_0059,0.3824,12.757,5.19,10.38,0.8957,11.3,
buffberea,128,buff128_0060,0.2282,4.999,3.574,7.148,0.8926,13.0,
buffberea,128,buff128_0061,0.1715,3.999,3.593,7.186,0.8709,13.1,
buffberea,128,buff128_0062,0.1311,2.992,,,0.8165,15.5,
buffberea,128,buff128_0063,0.1615,4.89,3.216,6.431,0.9521,12.1,
buffberea,256,buff256_0000,0.2388,5.734,4.059,8.119,0.8754,184.6,
buffberea,256,buff256_0001,0.2102,4.24,3.6,7.2,0.8661,129.7,
buffberea,256,buff256_0002,0.2249,5.377,4.096,8.192,0.8882,140.8,
buffberea,256,buff256_0003,0.1714,4.47,1.258,2.515,0.8508,179.3,
buffberea,256,buff256_0004,0.2434,5.465,4.223,8.447,0.9055,121.6,
buffberea,256,buff256_0005,0.1895,3.997,3.555,7.11,0.8861,128.8,
buffberea,256,buff256_0006,0.2289,4.241,4.001,8.002,0.8521,124.0,
buffberea,256,buff256_0007,0.2411,5.089,4.156,8.313,0.8836,116.5,
buffberea,256,buff256_0008,0.2337,5.188,4.01,8.021,0.8528,162.7,
buffberea,256,buff256_0009,0.1503,4.112,3.174,6.347,0.8914,139.1,
buffberea,256,buff256_0010,0.1898,5.382,4.032,8.064,0.8671,130.7,
buffberea,256,buff256_0011,0.2526,6.396,4.13,8.261,0.8892,138.3,
buffberea,256,buff256_0012,0.1392,3.313,3.072,6.144,0.9135,125.6,
buffberea,256,buff256_0013,0.1863,4.889,3.493,6.986,0.8698,146.3,
buffberea,256,buff256_0014,0.2068,6.154,3.458,6.916,0.8884,161.9,
buffberea,256,buff256_0015,0.2349,5.733,4.104,8.208,0.8779,124.3,
buffberea,256,buff256_0016,0.1837,5.37,3.149,6.298,0.9084,171.1,
buffberea,256,buff256_0017,0.2516,5.819,4.13,8.26,0.8973,137.5,
buffberea,256,buff256_0018,0.2111,5.098,3.553,7.107,0.8724,131.5,
buffberea,256,buff256_0019,0.2138,4.581,4.001,8.002,0.8504,114.0,
buffberea,256,buff256_0020,0.1945,5.736,3.335,6.669,0.8557,136.6,
buffberea,256,buff256_0021,0.219,6.394,4.143,8.287,0.8825,128.0,
buffberea,256,buff256_0022,0.2198,6.079,3.479,6.958,0.8872,143.7,
buffberea,256,buff256_0023,0.2084,5.739,3.607,7.214,0.8876,140.9,
buffberea,256,buff256_0024,0.2293,5.466,4.055,8.11,0.8763,159.1,
buffberea,256,buff256_0025,0.1687,4.465,3.436,6.872,0.9087,131.0,
buffberea,256,buff256_0026,0.2136,4.579,4.123,8.246,0.8793,122.7,
buffberea,256,buff256_0027,0.1016,3.149,,,0.7792,156.6,
buffberea,256,buff256_0028,0.2487,5.379,4.097,8.194,0.897,131.0,
buffberea,256,buff256_0029,0.2306,5.827,4.183,8.365,0.8925,126.2,
buffberea,256,buff256_0030,0.1791,4.894,3.595,7.189,0.8683,155.5,
buffberea,256,buff256_0031,0.1981,5.089,3.336,6.673,0.8664,134.8,
buffberea,256,buff256_0032,0.2732,7.064,4.341,8.682,0.8589,91.1,
buffberea,256,buff256_0033,0.1772,6.394,3.307,6.615,0.8925,88.3,
buffberea,256,buff256_0034,0.2035,7.201,4.012,8.024,0.8546,90.6,
buffberea,256,buff256_0035,0.2087,5.377,4.108,8.217,0.9002,86.6,
buffberea,256,buff256_0036,0.1863,5.477,3.628,7.256,0.9103,95.6,
buffberea,256,buff256_0037,0.1594,4.112,3.286,6.573,0.8526,91.2,
buffberea,256,buff256_0038,0.2344,4.577,4.047,8.095,0.8663,73.5,
buffberea,256,buff256_0039,0.2118,5.096,3.606,7.213,0.8684,97.4,
buffberea,256,buff256_0040,0.2319,4.582,4.061,8.122,0.8853,98.4,
buffberea,256,buff256_0041,0.2397,5.098,3.658,7.316,0.8764,99.6,
buffberea,256,buff256_0042,0.1855,4.993,4.021,8.042,0.8757,82.7,
buffberea,256,buff256_0043,0.2056,5.381,3.51,7.02,0.8514,83.1,
buffberea,256,buff256_0044,0.2031,6.074,4.081,8.162,0.8958,87.9,
buffberea,256,buff256_0045,0.1657,4.995,3.346,6.693,0.8932,95.2,
buffberea,256,buff256_0046,0.1949,4.123,3.545,7.091,0.8617,84.4,
buffberea,256,buff256_0047,0.2228,5.377,3.569,7.139,0.8597,94.2,
buffberea,256,buff256_0048,0.2191,5.09,3.605,7.211,0.8814,175.3,
buffberea,256,buff256_0049,0.2048,7.673,3.228,6.455,0.9411,145.2,
buffberea,256,buff256_0050,0.1766,5.081,3.531,7.063,0.8851,118.3,
buffberea,256,buff256_0051,0.2237,6.395,3.598,7.196,0.8645,133.2,
buffberea,256,buff256_0052,0.2367,5.379,4.117,8.233,0.8849,131.7,
buffberea,256,buff256_0053,0.2028,4.582,2.431,4.862,0.9415,152.0,
buffberea,256,buff256_0054,0.2363,6.158,4.057,8.113,0.8849,125.6,
buffberea,256,buff256_0055,0.25,5.472,4.353,8.706,0.8578,112.4,
buffberea,256,buff256_0056,0.2076,5.911,3.222,6.445,0.9265,186.6,
buffberea,256,buff256_0057,0.1944,4.58,3.317,6.635,0.8629,130.5,
buffberea,256,buff256_0058,0.2049,6.402,3.606,7.212,0.8731,126.9,
buffberea,256,buff256_0059,0.2319,9.432,3.677,7.355,0.8948,131.7,
buffberea,256,buff256_0060,0.2135,5.188,3.633,7.266,0.8927,114.5,
buffberea,256,buff256_0061,0.1746,4.11,3.515,7.03,0.8527,119.5,
buffberea,256,buff256_0062,0.2145,5.742,3.605,7.209,0.8807,131.7,
buffberea,256,buff256_0063,0.181,6.396,3.376,6.752,0.9044,122.5,
castlegate,128,castle128_0000,0.2205,5.377,3.115,6.23,0.8876,12.3,
castlegate,128,castle128_0001,0.2546,5.382,4.043,8.086,0.865,10.9,
castlegate,128,castle128_0002,0.2188,3.741,3.512,7.024,0.8655,11.4,
castlegate,128,castle128_0003,0.1028,0.0,,,0.2357,13.5,
castlegate,128,castle128_0004,0.2273,4.99,3.179,6.358,0.9294,12.8,
castlegate,128,castle128_0005,0.2456,5.458,3.592,7.184,0.9039,13.6,
castlegate,128,castle128_0006,0.233,6.704,4.002,8.005,0.8509,11.6,
castlegate,128,castle128_0007,0.2368,5.376,3.221,6.442,0.9067,12.5,
castlegate,128,castle128_0008,0.249,6.774,3.648,7.297,0.8896,12.5,
castlegate,128,castle128_0009,0.3561,13.919,4.437,8.875,0.8548,12.5,
castlegate,128,castle128_0010,0.2566,4.117,3.682,7.364,0.8697,11.9,
castlegate,128,castle128_0011,0.2006,4.582,3.01,6.02,0.8543,12.2,
castlegate,128,castle128_0012,0.2499,5.644,3.514,7.028,0.8575,12.4,
castlegate,128,castle128_0013,0.176,3.312,1.39,2.78,0.9445,14.6,
castlegate,128,castle128_0014,0.2096,4.888,3.603,7.207,0.8685,12.0,
castlegate,128,castle128_0015,0.1592,2.996,3.033,6.066,0.9617,11.5,
castlegate,128,castle128_0016,0.1896,3.999,3.364,6.729,0.8622,12.3,
castlegate,128,castle128_0017,0.193,4.11,3.004,6.008,0.8528,11.6,
castlegate,128,castle128_0018,0.1626,3.158,3.033,6.066,0.9432,12.8,
castlegate,128,castle128_0019,0.2147,3.995,3.431,6.863,0.9099,11.6,
castlegate,128,castle128_0020,0.212,3.605,3.342,6.683,0.8973,12.5,
castlegate,128,castle128_0021,0.2252,5.829,3.516,7.031,0.858,12.4,
castlegate,128,castle128_0022,0.2075,4.116,4.02,8.041,0.8796,10.8,
castlegate,128,castle128_0023,0.2412,6.706,3.354,6.709,0.8937,13.3,
castlegate,128,castle128_0024,0.1538,0.0,3.111,6.222,0.887,12.8,
castlegate,128,castle128_0025,0.2508,4.115,3.225,6.451,0.9712,12.1,
castlegate,128,castle128_0026,0.2212,4.351,3.462,6.925,0.882,12.7,
castlegate,128,castle128_0027,0.2986,4.461,4.053,8.107,0.8983,11.7,
castlegate,128,castle128_0028,0.1463,0.0,,,0.4775,15.5,
castlegate,128,castle128_0029,0.0994,1.994,,,0.5409,14.8,
castlegate,128,castle128_0030,0.2483,5.099,3.632,7.263,0.875,12.2,
castlegate,128,castle128_0031,0.1884,4.118,2.195,4.389,0.9148,12.5,
castlegate,128,castle128_0032,0.1514,0.0,,,0.436,14.9,
castlegate,128,castle128_0033,0.2274,5.0,3.65,7.299,0.8786,12.0,
castlegate,128,castle128_0034,0.2195,4.117,3.188,6.376,0.9101,12.1,
castlegate,128,castle128_0035,0.1565,3.736,,,0.8307,14.8,
castlegate,128,castle128_0036,0.2684,6.919,4.197,8.394,0.9211,12.4,
castlegate,128,castle128_0037,0.1868,3.598,3.048,6.095,0.9002,11.9,
castlegate,128,castle128_0038,0.2044,4.992,3.214,6.427,0.9085,12.6,
castlegate,128,castle128_0039,0.197,2.996,3.375,6.751,0.8895,11.2,
castlegate,128,castle128_0040,0.21,3.593,3.4,6.8,0.9013,10.4,
castlegate,128,castle128_0041,0.1663,1.987,,,0.368,10.9,
castlegate,128,castle128_0042,0.2198,3.999,3.084,6.167,0.896,10.1,
castlegate,128,castle128_0043,0.1643,3.999,3.145,6.29,0.919,9.2,
castlegate,128,castle128_0044,0.1699,3.312,2.233,4.467,0.946,10.0,
castlegate,128,castle128_0045,0.1817,6.155,3.111,6.223,0.9588,9.5,
castlegate,128,castle128_0046,0.2136,3.602,3.184,6.367,0.9615,9.6,
castlegate,128,castle128_0047,0.2571,4.472,4.029,8.059,0.8788,8.6,
castlegate,128,castle128_0048,0.2178,4.576,4.052,8.103,0.8688,8.6,
castlegate,128,castle128_0049,0.2708,6.621,4.143,8.286,0.9074,8.0,
castlegate,128,castle128_0050,0.2522,4.228,3.545,7.09,0.8895,9.0,
castlegate,128,castle128_0051,0.2233,7.808,3.195,6.391,0.9198,10.5,
castlegate,128,castle128_0052,0.1782,4.111,3.127,6.254,0.9268,9.3,
castlegate,128,castle128_0053,0.2022,3.464,2.906,5.812,0.8917,9.3,
castlegate,128,castle128_0054,0.181,3.316,3.258,6.516,0.8753,8.2,
castlegate,128,castle128_0055,0.2298,4.998,3.531,7.062,0.8526,9.0,
castlegate,128,castle128_0056,0.2792,5.999,4.086,8.171,0.9152,8.9,
castlegate,128,castle128_0057,0.2062,4.12,3.626,7.251,0.8622,8.8,
castlegate,128,castle128_0058,0.1983,5.736,3.672,7.344,0.8656,9.2,
castlegate,128,castle128_0059,0.2491,4.122,4.008,8.017,0.8565,8.2,
castlegate,128,castle128_0060,0.14,3.604,1.536,3.072,0.8875,11.0,
castlegate,128,castle128_0061,0.1894,4.995,3.269,6.538,0.8533,9.1,
castlegate,128,castle128_0062,0.2617,4.999,4.044,8.088,0.8677,8.4,
castlegate,128,castle128_0063,0.1688,2.227,2.144,4.288,0.9326,10.1,
castlegate,256,castle256_0000,0.1933,4.348,3.343,6.687,0.8625,130.1,
castlegate,256,castle256_0001,0.2272,5.091,3.605,7.211,0.8763,111.9,
castlegate,256,castle256_0002,0.1912,5.377,3.146,6.292,0.8921,108.5,
castlegate,256,castle256_0003,0.1753,4.997,3.242,6.485,0.9055,104.3,
castlegate,256,castle256_0004,0.2157,4.988,3.592,7.184,0.8709,107.0,
castlegate,256,castle256_0005,0.2278,5.085,3.518,7.036,0.8531,102.5,
castlegate,256,castle256_0006,0.2108,4.469,3.549,7.098,0.8619,99.4,
castlegate,256,castle256_0007,0.2094,4.12,3.448,6.897,0.8744,99.1,
castlegate,256,castle256_0008,0.1943,5.739,3.265,6.529,0.851,130.6,
castlegate,256,castle256_0009,0.2615,5.476,3.599,7.197,0.8652,112.0,
castlegate,256,castle256_0010,0.24,6.308,4.027,8.055,0.8625,103.3,
castlegate,256,castle256_0011,0.1944,4.355,3.072,6.145,0.89,109.3,
castlegate,256,castle256_0012,0.241,5.828,3.429,6.858,0.865,117.5,
castlegate,256,castle256_0013,0.2069,4.469,3.58,7.16,0.8889,94.9,
castlegate,256,castle256_0014,0.2063,4.888,3.482,6.964,0.8898,106.8,
castlegate,256,castle256_0015,0.2364,5.915,3.559,7.119,0.8682,107.6,
castlegate,256,castle256_0016,0.1995,4.993,3.635,7.27,0.8894,127.0,
castlegate,256,castle256_0017,0.2335,5.089,3.728,7.457,0.9252,112.7,
castlegate,256,castle256_0018,0.2293,5.098,3.697,7.394,0.8913,105.1,
castlegate,256,castle256_0019,0.2049,4.683,3.606,7.211,0.8776,99.9,
castlegate,256,castle256_0020,0.2112,4.889,3.466,6.933,0.866,106.8,
castlegate,256,castle256_0021,0.2033,5.826,3.564,7.127,0.8696,101.7,
castlegate,256,castle256_0022,0.2139,4.994,3.382,6.764,0.8558,107.4,
castlegate,256,castle256_0023,0.2252,8.301,4.051,8.101,0.8667,96.1,
castlegate,256,castle256_0024,0.1901,5.097,3.567,7.135,0.866,132.7,
castlegate,256,castle256_0025,0.2161,4.236,3.557,7.113,0.8705,107.1,
castlegate,256,castle256_0026,0.2237,5.091,4.017,8.033,0.8597,113.7,
castlegate,256,castle256_0027,0.2481,5.382,4.031,8.062,0.8615,104.8,
castlegate,256,castle256_0028,0.1815,4.886,2.128,4.255,0.8638,125.2,
castlegate,256,castle256_0029,0.2166,4.237,3.666,7.332,0.884,97.3,
castlegate,256,castle256_0030,0.2502,5.742,4.056,8.111,0.8729,90.7,
castlegate,256,castle256_0031,0.23,5.649,3.135,6.27,0.8746,105.2,
castlegate,256,castle256_0032,0.1886,4.471,3.359,6.719,0.8662,111.6,
castlegate,256,castle256_0033,0.2338,4.988,3.697,7.394,0.8941,173.3,
castlegate,256,castle256_0034,0.2337,4.888,4.007,8.014,0.853,140.9,
castlegate,256,castle256_0035,0.2166,4.993,3.716,7.433,0.885,142.7,
castlegate,256,castle256_0036,0.2272,5.741,3.54,7.079,0.8597,149.2,
castlegate,256,castle256_0037,0.2304,4.47,4.024,8.048,0.8589,136.2,
castlegate,256,castle256_0038,0.188,4.983,3.239,6.477,0.9058,156.0,
castlegate,256,castle256_0039,0.213,5.183,3.565,7.13,0.8702,147.5,
castlegate,256,castle256_0040,0.2168,5.378,3.727,7.454,0.9047,145.8,
castlegate,256,castle256_0041,0.189,5.655,3.462,6.925,0.872,161.6,
castlegate,256,castle256_0042,0.2413,5.989,4.062,8.124,0.8962,137.7,
castlegate,256,castle256_0043,0.2014,4.575,3.533,7.065,0.8569,147.2,
castlegate,256,castle256_0044,0.2157,4.571,3.576,7.152,0.8789,146.9,
castlegate,256,castle256_0045,0.2196,5.093,3.539,7.077,0.8852,143.5,
castlegate,256,castle256_0046,0.2344,5.385,3.378,6.757,0.8668,168.8,
castlegate,256,castle256_0047,0.2006,4.111,3.604,7.208,0.8817,135.0,
castlegate,256,castle256_0048,0.2235,5.374,3.715,7.43,0.9069,122.5,
castlegate,256,castle256_0049,0.2311,5.994,4.011,8.023,0.8539,152.9,
castlegate,256,castle256_0050,0.2448,4.992,3.569,7.139,0.8682,158.5,
castlegate,256,castle256_0051,0.2392,6.155,3.637,7.275,0.8771,152.3,
castlegate,256,castle256_0052,0.1852,4.349,3.128,6.255,0.9473,166.7,
castlegate,256,castle256_0053,0.2335,5.097,3.562,7.123,0.8743,144.8,
castlegate,256,castle256_0054,0.1991,4.981,3.587,7.174,0.8737,162.0,
castlegate,256,castle256_0055,0.2277,5.381,3.641,7.283,0.8987,150.7,
castlegate,256,castle256_0056,0.252,6.151,4.101,8.202,0.8921,112.4,
castlegate,256,castle256_0057,0.22,5.377,3.603,7.207,0.8694,171.6,
castlegate,256,castle256_0058,0.2469,5.192,4.095,8.189,0.8808,144.4,
castlegate,256,castle256_0059,0.2115,5.089,3.596,7.193,0.8724,153.3,
castlegate,256,castle256_0060,0.2349,4.351,3.601,7.202,0.8929,143.2,
castlegate,256,castle256_0061,0.2368,5.091,3.674,7.349,0.8772,155.4,
castlegate,256,castle256_0062,0.219,4.579,4.017,8.034,0.8651,146.0,
castlegate,256,castle256_0063,0.2084,4.885,3.142,6.284,0.9096,158.8,
poly,128,poly128_0000,0.2677,5.648,4.069,8.137,0.9343,9.2,
poly,128,poly128_0001,0.2384,5.093,3.238,6.476,0.9216,8.9,
poly,128,poly128_0002,0.2842,5.188,4.113,8.225,0.8767,8.5,
poly,128,poly128_0003,0.3102,5.901,4.134,8.268,0.9399,8.7,
poly,128,poly128_0004,0.2086,4.578,4.033,8.066,0.8797,6.8,
poly,128,poly128_0005,0.2351,5.991,3.246,6.493,0.892,9.0,
poly,128,poly128_0006,0.2484,5.828,3.52,7.039,0.8741,7.6,
poly,128,poly128_0007,0.2455,7.273,4.074,8.148,0.8664,7.9,
poly,128,poly128_0008,0.2216,4.109,3.311,6.623,0.8839,11.1,
poly,128,poly128_0009,0.2458,6.163,4.004,8.007,0.8514,9.1,
poly,128,poly128_0010,0.2319,4.996,3.554,7.107,0.8739,9.6,
poly,128,poly128_0011,0.2464,4.681,4.011,8.022,0.8523,9.0,
poly,128,poly128_0012,0.2836,6.162,3.076,6.151,0.9211,12.6,
poly,128,poly128_0013,0.1747,3.313,3.146,6.292,0.9133,8.7,
poly,128,poly128_0014,0.2574,4.572,3.532,7.064,0.8545,9.0,
poly,128,poly128_0015,0.2878,5.818,4.215,8.431,0.8924,9.1,
poly,128,poly128_0016,0.2159,4.117,3.119,6.237,0.935,10.8,
poly,128,poly128_0017,0.1846,4.997,3.119,6.238,0.8835,9.9,
poly,128,poly128_0018,0.2963,4.233,3.246,6.492,0.9611,11.5,
poly,128,poly128_0019,0.2335,3.989,3.226,6.452,0.9602,11.3,
poly,128,poly128_0020,0.2141,5.178,3.58,7.159,0.8625,10.5,
poly,128,poly128_0021,0.1792,4.888,3.116,6.231,0.9182,9.2,
poly,128,poly128_0022,0.2508,6.547,4.035,8.069,0.9012,9.9,
poly,128,poly128_0023,0.2115,5.192,4.041,8.082,0.8936,8.3,
poly,128,poly128_0024,0.2481,4.465,4.082,8.164,0.8655,8.5,
poly,128,poly128_0025,0.1991,4.108,3.284,6.569,0.8528,9.2,
poly,128,poly128_0026,0.2926,7.996,4.266,8.532,0.8505,9.7,
poly,128,poly128_0027,0.2682,5.096,3.411,6.822,0.8539,11.2,
poly,128,poly128_0028,0.2737,5.739,4.011,8.023,0.8666,9.0,
poly,128,poly128_0029,0.2339,0.0,,,0.2516,11.3,
poly,128,poly128_0030,0.2674,4.686,3.581,7.162,0.9001,9.9,
poly,128,poly128_0031,0.2706,6.62,4.112,8.223,0.8725,8.6,
poly,128,poly128_0032,0.2319,4.998,4.077,8.154,0.9129,11.5,
poly,128,poly128_0033,0.2871,5.819,4.771,9.541,0.8526,11.2,
poly,128,poly128_0034,0.2225,5.828,4.058,8.116,0.8781,11.4,
poly,128,poly128_0035,0.2423,4.469,3.215,6.43,0.8869,13.4,
poly,128,poly128_0036,0.2583,4.99,4.126,8.252,0.8779,11.7,
poly,128,poly128_0037,0.2011,3.999,2.972,5.945,0.9111,13.8,
poly,128,poly128_0038,0.1838,2.987,3.022,6.043,0.89,13.4,
poly,128,poly128_0039,0.247,4.887,3.165,6.331,0.9268,13.2,
poly,128,poly128_0040,0.2465,4.676,4.094,8.188,0.917,12.1,
poly,128,poly128_0041,0.2543,5.372,4.196,8.391,0.9152,11.8,
poly,128,poly128_0042,0.2906,9.695,5.033,10.067,0.866,11.4,
poly,128,poly128_0043,0.2704,5.476,3.119,6.238,0.8937,12.8,
poly,128,poly128_0044,0.1968,3.154,3.067,6.135,0.9609,13.2,
poly,128,poly128_0045,0.2806,6.475,3.647,7.294,0.9025,12.5,
poly,128,poly128_0046,0.2752,6.395,4.097,8.195,0.8736,12.8,
poly,128,poly128_0047,0.2317,7.604,4.024,8.049,0.8749,11.9,
poly,128,poly128_0048,0.1501,4.118,3.006,6.012,0.8526,13.0,
poly,128,poly128_0049,0.1759,3.992,3.224,6.449,0.8983,11.8,
poly,128,poly128_0050,0.2098,5.097,3.342,6.683,0.8522,12.7,
poly,128,poly128_0051,0.2678,5.995,4.161,8.322,0.8911,11.8,
poly,128,poly128_0052,0.206,5.988,3.082,6.165,0.9473,13.6,
poly,128,poly128_0053,0.2338,4.23,3.514,7.029,0.8662,12.1,
poly,128,poly128_0054,0.2068,4.993,3.164,6.327,0.9579,13.6,
poly,128,poly128_0055,0.241,5.645,4.13,8.261,0.8881,11.5,
poly,128,poly128_0056,0.2402,5.907,3.677,7.353,0.8657,14.2,
poly,128,poly128_0057,0.3697,8.829,5.219,10.438,0.907,11.6,
poly,128,poly128_0058,0.2154,5.644,3.534,7.067,0.8514,12.8,
poly,128,poly128_0059,0.2326,4.228,4.032,8.064,0.8982,11.1,
poly,128,poly128_0060,0.2627,7.671,4.224,8.447,0.8876,12.0,
poly,128,poly128_0061,0.2547,5.467,4.04,8.08,0.87,11.3,
poly,128,poly128_0062,0.2415,5.83,2.176,4.353,0.9815,14.6,
poly,128,poly128_0063,0.2381,4.995,3.494,6.988,0.8537,12.6,
poly,256,poly256_0000,0.2697,8.046,4.619,9.238,0.8568,185.5,
poly,256,poly256_0001,0.2086,4.112,3.371,6.742,0.8739,183.1,
poly,256,poly256_0002,0.2826,6.55,5.038,10.076,0.8599,163.8,
poly,256,poly256_0003,0.2889,8.057,5.082,10.165,0.8731,153.9,
poly,256,poly256_0004,0.2369,5.097,4.111,8.222,0.9061,159.9,
poly,256,poly256_0005,0.2971,8.236,5.091,10.183,0.8701,153.5,
poly,256,poly256_0006,0.2423,5.47,4.364,8.728,0.8598,146.9,
poly,256,poly256_0007,0.2594,4.995,4.587,9.173,0.8547,108.1,
poly,256,poly256_0008,0.2171,6.398,3.602,7.204,0.9098,208.3,
poly,256,poly256_0009,0.2504,6.701,4.203,8.406,0.9064,171.4,
poly,256,poly256_0010,0.2365,4.982,4.105,8.21,0.9204,155.6,
poly,256,poly256_0011,0.2732,8.185,4.238,8.477,0.885,165.8,
poly,256,poly256_0012,0.2776,6.315,4.375,8.75,0.8804,160.8,
poly,256,poly256_0013,0.2411,5.992,4.185,8.37,0.8962,172.2,
poly,256,poly256_0014,0.2376,5.73,4.026,8.052,0.8585,134.8,
poly,256,poly256_0015,0.2599,4.993,4.156,8.312,0.8952,118.9,
poly,256,poly256_0016,0.2738,6.156,4.177,8.354,0.9156,191.9,
poly,256,poly256_0017,0.2487,6.474,4.132,8.264,0.9,176.0,
poly,256,poly256_0018,0.2618,5.991,4.018,8.036,0.8545,176.3,
poly,256,poly256_0019,0.2098,4.582,3.508,7.017,0.853,164.7,
poly,256,poly256_0020,0.249,5.377,4.149,8.299,0.908,172.2,
poly,256,poly256_0021,0.2076,5.093,3.239,6.478,0.896,180.3,
poly,256,poly256_0022,0.2477,6.315,4.037,8.073,0.8708,142.7,
poly,256,poly256_0023,0.2561,5.729,4.311,8.622,0.8521,97.8,
poly,256,poly256_0024,0.1998,4.354,3.562,7.123,0.8563,190.4,
poly,256,poly256_0025,0.2262,4.991,4.085,8.17,0.8723,158.1,
poly,256,poly256_0026,0.2624,7.989,4.144,8.288,0.8877,159.3,
poly,256,poly256_0027,0.2504,5.651,3.693,7.386,0.9052,172.6,
poly,256,poly256_0028,0.2237,5.739,4.315,8.631,0.8534,156.5,
poly,256,poly256_0029,0.2374,5.375,4.2,8.399,0.8988,164.4,
poly,256,poly256_0030,0.2463,4.995,4.108,8.216,0.8953,139.9,
poly,256,poly256_0031,0.3059,7.864,5.01,10.02,0.8527,123.1,
poly,256,poly256_0032,0.2493,5.814,4.289,8.579,0.8543,175.2,
poly,256,poly256_0033,0.248,5.829,4.244,8.488,0.9123,167.3,
poly,256,poly256_0034,0.2378,5.829,4.119,8.237,0.9023,172.4,
poly,256,poly256_0035,0.2234,5.737,4.135,8.27,0.8912,159.8,
poly,256,poly256_0036,0.2278,6.072,4.17,8.34,0.9124,167.5,
poly,256,poly256_0037,0.2491,7.606,4.191,8.383,0.9001,163.4,
poly,256,poly256_0038,0.2101,5.375,4.084,8.168,0.8896,135.1,
poly,256,poly256_0039,0.2414,6.472,4.502,9.003,0.8502,118.8,
poly,256,poly256_0040,0.2665,6.402,5.101,10.202,0.8684,103.3,
poly,256,poly256_0041,0.233,5.368,3.643,7.286,0.869,106.1,
poly,256,poly256_0042,0.2607,5.458,4.189,8.377,0.9207,98.9,
poly,256,poly256_0043,0.2565,5.824,4.239,8.477,0.9185,92.5,
poly,256,poly256_0044,0.2088,4.997,4.026,8.052,0.869,90.8,
poly,256,poly256_0045,0.2828,7.127,5.004,10.009,0.8519,79.8,
poly,256,poly256_0046,0.2747,5.817,4.167,8.335,0.9186,96.4,
poly,256,poly256_0047,0.2589,6.998,4.555,9.11,0.8523,89.5,
poly,256,poly256_0048,0.2313,5.463,3.541,7.083,0.8632,111.1,
poly,256,poly256_0049,0.2121,5.737,4.095,8.19,0.8907,95.3,
poly,256,poly256_0050,0.2387,4.997,4.316,8.633,0.8581,90.7,
poly,256,poly256_0051,0.2465,5.823,4.278,8.556,0.8515,88.7,
poly,256,poly256_0052,0.2328,5.996,4.278,8.556,0.8717,92.2,
poly,256,poly256_0053,0.217,5.095,4.108,8.217,0.9007,92.8,
poly,256,poly256_0054,0.2137,5.193,3.596,7.191,0.8669,93.9,
poly,256,poly256_0055,0.2701,6.394,4.213,8.425,0.906,96.0,
poly,256,poly256_0056,0.2709,5.997,4.428,8.856,0.858,106.4,
poly,256,poly256_0057,0.2757,6.397,4.22,8.441,0.9198,94.7,
poly,256,poly256_0058,0.2038,4.991,3.327,6.655,0.8883,106.5,
poly,256,poly256_0059,0.2542,5.188,4.25,8.5,0.9133,97.6,
poly,256,poly256_0060,0.2722,6.63,5.024,10.048,0.856,87.9,
poly,256,poly256_0061,0.2674,7.672,4.399,8.798,0.8594,103.5,
poly,256,poly256_0062,0.2339,4.996,3.732,7.463,0.9222,98.4,
poly,256,poly256_0063,0.2486,5.384,4.379,8.758,0.8556,85.7,
sphere,128,sphere128_0000,0.2888,7.338,4.364,8.729,0.8518,8.9,
sphere,128,sphere128_0001,0.308,6.387,5.45,10.9,0.8983,7.6,
sphere,128,sphere128_0002,0.2039,9.203,5.075,10.151,0.8618,6.7,
sphere,128,sphere128_0003,0.2984,5.738,5.08,10.16,0.9099,10.3,
sphere,128,sphere128_0004,0.1851,3.737,,,0.8414,13.7,
sphere,128,sphere128_0005,0.2439,7.346,4.248,8.496,0.9161,9.1,
sphere,128,sphere128_0006,0.2989,7.992,5.582,11.163,0.9207,7.8,
sphere,128,sphere128_0007,0.2356,2.996,3.061,6.123,0.956,9.2,
sphere,128,sphere128_0008,0.2391,3.31,3.13,6.26,0.947,10.6,
sphere,128,sphere128_0009,0.2863,4.895,4.785,9.569,0.8928,9.1,
sphere,128,sphere128_0010,0.2832,7.866,5.09,10.181,0.8693,8.3,
sphere,128,sphere128_0011,0.3155,5.994,6.058,12.115,0.8994,9.0,
sphere,128,sphere128_0012,0.2741,5.384,3.496,6.991,0.9035,11.3,
sphere,128,sphere128_0013,0.2149,3.602,3.108,6.216,0.909,10.8,
sphere,128,sphere128_0014,0.2115,7.066,3.612,7.224,0.9154,11.2,
sphere,128,sphere128_0015,0.2796,12.441,5.239,10.479,0.8862,9.4,
sphere,128,sphere128_0016,0.2108,5.372,3.6,7.201,0.9119,9.8,
sphere,128,sphere128_0017,0.2353,3.147,3.016,6.032,0.8806,9.8,
sphere,128,sphere128_0018,0.1933,4.997,4.004,8.009,0.8571,8.7,
sphere,128,sphere128_0019,0.2121,6.99,4.519,9.038,0.856,8.9,
sphere,128,sphere128_0020,0.253,4.992,5.001,10.002,0.8521,7.9,
sphere,128,sphere128_0021,0.277,7.539,4.475,8.949,0.8796,8.2,
sphere,128,sphere128_0022,0.2989,8.988,6.433,12.866,0.8735,9.5,
sphere,128,sphere128_0023,0.2257,4.898,3.279,6.557,0.8511,11.3,
sphere,128,sphere128_0024,0.2504,5.903,4.021,8.042,0.8557,10.5,
sphere,128,sphere128_0025,0.1855,3.151,3.002,6.004,0.8527,9.7,
sphere,128,sphere128_0026,0.2942,8.997,6.159,12.318,0.8614,8.1,
sphere,128,sphere128_0027,0.2852,6.308,5.434,10.868,0.8944,8.3,
sphere,128,sphere128_0028,0.2519,7.27,3.449,6.897,0.9365,10.3,
sphere,128,sphere128_0029,0.1771,3.734,3.304,6.608,0.8513,9.0,
sphere,128,sphere128_0030,0.2627,3.16,3.076,6.153,0.9729,13.4,
sphere,128,sphere128_0031,0.2631,6.991,5.194,10.389,0.8797,10.9,
sphere,128,sphere128_0032,0.26,7.133,4.205,8.41,0.9377,9.0,
sphere,128,sphere128_0033,0.2417,3.993,3.586,7.172,0.893,9.8,
sphere,128,sphere128_0034,0.1576,3.996,3.683,7.366,0.883,8.4,
sphere,128,sphere128_0035,0.2049,5.186,4.016,8.031,0.8543,8.7,
sphere,128,sphere128_0036,0.2838,6.312,3.237,6.473,0.9002,10.5,
sphere,128,sphere128_0037,0.1701,3.999,3.054,6.108,0.9347,9.8,
sphere,128,sphere128_0038,0.2093,3.598,3.532,7.064,0.9361,10.7,
sphere,128,sphere128_0039,0.2522,6.989,4.09,8.179,0.9308,11.7,
sphere,128,sphere128_0040,0.2697,6.318,4.187,8.373,0.9032,10.5,
sphere,128,sphere128_0041,0.2857,4.995,4.034,8.069,0.8826,9.7,
sphere,128,sphere128_0042,0.1632,0.0,,,0.5072,11.5,
sphere,128,sphere128_0043,0.2736,8.995,5.162,10.324,0.8745,10.0,
sphere,128,sphere128_0044,0.1934,3.995,3.677,7.354,0.8966,8.6,
sphere,128,sphere128_0045,0.1903,3.155,3.081,6.163,0.9468,11.5,
sphere,128,sphere128_0046,0.2295,4.992,4.014,8.027,0.8533,10.5,
sphere,128,sphere128_0047,0.218,5.999,3.63,7.259,0.9119,11.4,
sphere,128,sphere128_0048,0.205,5.733,3.333,6.666,0.8592,10.1,
sphere,128,sphere128_0049,0.2063,4.108,,,0.5208,12.1,
sphere,128,sphere128_0050,0.3007,7.793,5.548,11.095,0.8677,7.7,
sphere,128,sphere128_0051,0.2325,10.992,5.226,10.453,0.8717,9.3,
sphere,128,sphere128_0052,0.2889,4.989,4.09,8.179,0.8703,11.8,
sphere,128,sphere128_0053,0.2268,3.599,3.132,6.263,0.9403,10.9,
sphere,128,sphere128_0054,0.1846,6.996,3.71,7.421,0.9076,12.3,
sphere,128,sphere128_0055,0.2368,4.582,4.12,8.239,0.8769,9.0,
sphere,128,sphere128_0056,0.2197,5.656,2.393,4.786,0.9324,11.6,
sphere,128,sphere128_0057,0.2106,3.999,4.026,8.052,0.9305,7.7,
sphere,128,sphere128_0058,0.2877,6.629,4.104,8.209,0.901,11.3,
sphere,128,sphere128_0059,0.2411,4.684,4.077,8.154,0.9428,12.1,
sphere,128,sphere128_0060,0.2671,6.99,3.728,7.456,0.9414,11.3,
sphere,128,sphere128_0061,0.177,2.225,2.166,4.332,0.9503,12.6,
sphere,128,sphere128_0062,0.1796,4.988,3.417,6.835,0.8541,11.1,
sphere,128,sphere128_0063,0.2012,3.999,3.197,6.394,0.9099,9.7,
sphere,256,sphere256_0000,0.2901,6.157,5.202,10.404,0.8973,98.4,
sphere,256,sphere256_0001,0.3103,7.54,5.468,10.937,0.8926,118.0,
sphere,256,sphere256_0002,0.193,4.114,4.039,8.079,0.9369,112.1,
sphere,256,sphere256_0003,0.2911,8.994,6.29,12.58,0.8774,90.9,
sphere,256,sphere256_0004,0.1963,5.73,4.045,8.089,0.868,100.4,
sphere,256,sphere256_0005,0.2421,8.111,5.034,10.068,0.8728,123.1,
sphere,256,sphere256_0006,0.2823,8.994,5.803,11.606,0.8718,104.5,
sphere,256,sphere256_0007,0.2335,4.995,4.077,8.154,0.891,108.8,
sphere,256,sphere256_0008,0.2349,4.243,3.596,7.191,0.8732,96.3,
sphere,256,sphere256_0009,0.2989,8.59,5.974,11.948,0.8603,106.0,
sphere,256,sphere256_0010,0.2976,6.7,5.269,10.538,0.859,100.8,
sphere,256,sphere256_0011,0.3181,9.474,6.354,12.707,0.87,102.8,
sphere,256,sphere256_0012,0.2826,5.995,4.224,8.448,0.9209,102.0,
sphere,256,sphere256_0013,0.2298,4.988,3.434,6.868,0.8746,118.2,
sphere,256,sphere256_0014,0.2114,5.991,5.015,10.03,0.8539,119.1,
sphere,256,sphere256_0015,0.2955,9.897,7.058,14.116,0.8615,89.1,
sphere,256,sphere256_0016,0.2159,6.699,4.238,8.477,0.9195,102.6,
sphere,256,sphere256_0017,0.2356,6.991,4.004,8.009,0.8546,100.0,
sphere,256,sphere256_0018,0.1999,6.475,3.694,7.389,0.8624,112.3,
sphere,256,sphere256_0019,0.2096,6.987,4.125,8.249,0.9032,120.0,
sphere,256,sphere256_0020,0.2458,8.993,5.19,10.379,0.9206,97.9,
sphere,256,sphere256_0021,0.2768,6.708,4.957,9.914,0.864,107.1,
sphere,256,sphere256_0022,0.3038,12.565,6.696,13.393,0.8551,127.3,
sphere,256,sphere256_0023,0.2274,5.477,4.035,8.07,0.8925,100.1,
sphere,256,sphere256_0024,0.269,5.652,4.078,8.156,0.9059,118.4,
sphere,256,sphere256_0025,0.1805,3.726,3.132,6.263,0.9293,114.1,
sphere,256,sphere256_0026,0.2987,7.992,6.418,12.836,0.8779,104.8,
sphere,256,sphere256_0027,0.2853,7.344,6.076,12.151,0.8586,94.2,
sphere,256,sphere256_0028,0.2541,9.997,5.086,10.171,0.8668,99.6,
sphere,256,sphere256_0029,0.1877,4.228,3.235,6.47,0.9091,113.3,
sphere,256,sphere256_0030,0.2795,9.0,5.068,10.135,0.8586,102.5,
sphere,256,sphere256_0031,0.2644,7.995,5.858,11.715,0.8634,98.9,
sphere,256,sphere256_0032,0.2687,9.264,5.233,10.467,0.8902,129.8,
sphere,256,sphere256_0033,0.2459,6.541,4.178,8.356,0.9076,109.9,
sphere,256,sphere256_0034,0.1793,3.995,3.036,6.073,0.8578,121.8,
sphere,256,sphere256_0035,0.2072,5.468,3.222,6.444,0.8956,124.1,
sphere,256,sphere256_0036,0.2959,6.155,5.011,10.021,0.8533,95.0,
sphere,256,sphere256_0037,0.1789,5.09,3.474,6.947,0.9001,108.5,
sphere,256,sphere256_0038,0.2282,6.157,5.045,10.09,0.8688,96.1,
sphere,256,sphere256_0039,0.2677,7.058,5.238,10.477,0.8953,107.8,
sphere,256,sphere256_0040,0.2728,7.674,4.628,9.257,0.8554,129.5,
sphere,256,sphere256_0041,0.287,6.395,4.511,9.022,0.8516,107.3,
sphere,256,sphere256_0042,0.1544,3.728,3.012,6.024,0.8589,107.8,
sphere,256,sphere256_0043,0.2855,6.557,5.077,10.154,0.8648,105.6,
sphere,256,sphere256_0044,0.2079,5.996,4.284,8.569,0.8515,110.0,
sphere,256,sphere256_0045,0.2016,6.163,4.344,8.688,0.8653,115.0,
sphere,256,sphere256_0046,0.2457,6.4,4.563,9.126,0.8617,112.3,
sphere,256,sphere256_0047,0.2308,5.742,5.079,10.157,0.8791,96.5,
sphere,256,sphere256_0048,0.2215,4.997,3.583,7.166,0.8587,113.5,
sphere,256,sphere256_0049,0.2055,6.154,4.247,8.494,0.9162,134.0,
sphere,256,sphere256_0050,0.3138,6.985,6.232,12.465,0.8661,102.4,
sphere,256,sphere256_0051,0.2136,5.993,5.377,10.754,0.8667,100.6,
sphere,256,sphere256_0052,0.3036,9.108,6.138,12.276,0.87,105.5,
sphere,256,sphere256_0053,0.2424,5.188,4.023,8.046,0.8676,114.5,
sphere,256,sphere256_0054,0.19,6.551,4.226,8.452,0.8981,122.6,
sphere,256,sphere256_0055,0.2357,5.822,4.106,8.213,0.9188,109.2,
sphere,256,sphere256_0056,0.231,6.315,4.568,9.136,0.8538,105.5,
sphere,256,sphere256_0057,0.2135,5.378,5.253,10.506,0.856,93.3,
sphere,256,sphere256_0058,0.2863,9.688,5.796,11.592,0.8513,97.4,
sphere,256,sphere256_0059,0.2386,6.557,4.171,8.342,0.9349,125.9,
sphere,256,sphere256_0060,0.2572,8.656,5.047,10.093,0.858,110.7,
sphere,256,sphere256_0061,0.1907,4.688,3.713,7.427,0.9181,122.2,
sphere,256,sphere256_0062,0.1735,4.898,3.222,6.445,0.9227,112.9,
sphere,256,sphere256_0063,0.2118,4.987,3.584,7.169,0.899,86.0,
